GenHealth,No,Yes,Heart Disease Percentage
Excellent,65342,1500,2.24409802220161
Fair,27593,7084,20.4285261124088
Good,83571,9558,10.263183326353767
Poor,7439,3850,34.103995039418905
Very good,108477,5381,4.726062288113264
