PhysicalCategory,No,Yes,Heart Disease Percentage
Excellent,247510,17533,6.6151530129073395
Very Good,12918,1691,11.575056472037785
Good,7854,1273,13.94762791716884
Fair,4445,1014,18.574830555046713
Poor,3262,782,19.33728981206726
Bad,1543,461,23.003992015968063
